ANID,Chemgrp,Site_Country,Site_State,Site_Name,K,Ca,Ti,Mn,Fe,Zn,Rb,Sr,Y,Zr,Nb,Th
AJE006,SHM,Argentina,Catamarca,Salar del Hombre Muerto,28843.2,1577.6,345.4,1823.4,3333.7,95.6,1058.5,1.9,128.3,19.9,74.1,4.4
AJE018,SHM,Argentina,Catamarca,Salar del Hombre Muerto,35681.9,1489.5,266.4,2184.9,3475.8,104.2,1105.5,1.7,137.6,20.5,77.8,0
AJE026,SHM,Argentina,Catamarca,Salar del Hombre Muerto,35062.8,1592.6,297.2,2133.6,3437.7,98.8,1061.9,1.1,130,17.4,74.6,0
LCA001,LCA,Argentina,Catamarca,Laguna Cavi,37803.4,4990.3,318.4,848.1,4292.7,41.5,476.1,6.1,74.3,31,37.1,22.6
LCA002,LCA,Argentina,Catamarca,Laguna Cavi,38473.4,4962.3,301.5,914.3,4275.7,36.4,475.4,5,72.8,34.1,37.4,25.8
LCA003,LCA,Argentina,Catamarca,Laguna Cavi,36320.5,4724.6,307.6,839.7,4178.3,38.7,468.2,5.7,71.7,30.9,36.8,27.3
LCA004,LCA,Argentina,Catamarca,Laguna Cavi,36386.3,4819.5,279.4,815.6,4251.8,41.4,466,5.7,73.7,27.5,38.8,22.2
LCA005,LCA,Argentina,Catamarca,Laguna Cavi,39729.7,4861.8,377.1,904.3,4455.3,42.4,482.4,5,74,33.9,37,27.5
LCA006,LCA,Argentina,Catamarca,Laguna Cavi,35634.7,4648.2,284.6,808.4,4131.4,40.8,458.8,7.1,70.9,29.4,38,23.5
LCA007,LCA,Argentina,Catamarca,Laguna Cavi,36102.6,4359,291.1,837,4185.4,37.6,470.8,4.9,72.8,31.8,38.9,20.5
OARG01,ONA,Argentina,Catamarca,Ona,35109,5998.4,747.3,365.3,4786.3,37.4,210,136,21.1,72.6,16.7,20.9
OARG02,ONA,Argentina,Catamarca,Ona,42819.1,8718.9,792.1,450.6,5511.1,44,228.4,150.8,22.2,75.3,16.8,25.6
OARG03,ONA,Argentina,Catamarca,Ona,35332,6473,716.5,376,4799.9,33.3,208.3,135.6,20.9,71.3,17.3,21.4
OARG04,ONA,Argentina,Catamarca,Ona,37079.9,6618.7,572.3,368.4,4918.3,35.9,214.8,138.6,22.5,76.7,17.2,23.9
OARG05,ONA,Argentina,Catamarca,Ona,36658.5,6665.2,633.9,406.2,4949.1,37.9,216.8,138.1,21.2,72,17.6,23.5
OARG06,ONA,Argentina,Catamarca,Ona,36745.3,6592,808.7,407.6,4838.7,37.4,213.7,139.3,20.6,73.6,15.8,24.4
OARG07,ONA,Argentina,Catamarca,Ona,35497.8,5676.8,522.1,332.5,4709.9,35.4,206.2,131.9,20.2,65.7,17,20.9
OARG08,ONA,Argentina,Catamarca,Ona,39337.4,7167.6,613.5,404.2,4971.1,36.4,215.9,137.2,20.8,69.4,18.3,24.2
OARG09,ONA,Argentina,Catamarca,Ona,38221.3,6977.5,640.1,398.1,4908,37.8,212.1,138.9,20.1,71.4,15.2,22.1
OARG10,ONA,Argentina,Catamarca,Ona,43624.4,9578.1,827.1,534.8,5812.6,42.8,237.5,156.1,22.9,77.2,17.1,24.6
PSE023,SHM,Argentina,Catamarca,Salar del Hombre Muerto,29296,6769.5,763,1745.8,5268.8,101.7,1022.3,6,124.2,17.2,70.8,11.4
PSE036A,RAM,Argentina,Salta,Ramadas,39680.9,4678.1,159.6,838.1,6542.7,74.5,318.8,6.2,41.1,23.7,30.7,9.7
PSE052,TOCOMAR,Argentina,Salta,Alto Tocomar,40025.4,3953.1,362.3,1193.8,4356.7,56.4,770.7,17.7,71.4,12.9,42.7,0
PSE053,TOCOMAR,Argentina,Salta,Alto Tocomar,35656.9,3111.5,365.4,971.7,3897.6,51.4,727.5,18.3,67.1,5.3,41.7,0
PSE054,TOCOMAR,Argentina,Salta,Alto Tocomar,33139.9,3282.4,333.2,907.6,4883.7,51.9,721.9,17.4,68.2,4.2,42,0
PSE055,TOCOMAR,Argentina,Salta,Alto Tocomar,38125.7,3330.3,265.6,1055.2,4094.4,51.5,745,17.2,67,6.8,40.5,3
PSE056,TOCOMAR,Argentina,Salta,Alto Tocomar,36091.5,3229.3,274.6,945,3941,49.2,722,17.4,66.1,5.5,41.1,0
PSE057,TOCOMAR,Argentina,Salta,Alto Tocomar,36186.9,3473,347.1,993.6,4263.2,56.6,737.2,17.7,69.4,7.3,41.1,0
PSE058,TOCOMAR,Argentina,Salta,Alto Tocomar,36546.5,3131.2,262.1,1015.3,4011.8,51.3,734.3,17.7,68.4,5.2,41.5,0
PSE059,TOCOMAR,Argentina,Salta,Alto Tocomar,40185.9,3969.8,370.6,1266.9,4690.9,62.5,802.8,18.4,69.7,8.1,42.4,0
PSE061,RAM,Argentina,Salta,Ramadas,36731.2,3310.7,182.3,684.8,5993.1,71.8,308,5.8,39.7,24.8,30.8,7.3
PSE062,RAM,Argentina,Salta,Ramadas,42764.2,5136.9,181,1020.2,7280.7,77.9,337.9,5.7,45.8,30.6,32.4,9.3
PSE063,RAM,Argentina,Salta,Ramadas,41312.1,4841.8,150.1,907.4,6808.4,79.6,327.4,5.9,42.4,18.4,32.5,6.2
PSE065,RAM,Argentina,Salta,Ramadas,41200.3,4198.5,150.1,887.8,6645.1,74.1,325.6,5.9,41.7,45.3,30.8,6.3
PSE066,RAM,Argentina,Salta,Ramadas,38891.5,4422.9,183.2,748.5,6450.5,71.1,320.4,5.6,40.3,17.8,31.9,7.7
PSE068,RAM,Argentina,Salta,Ramadas,40688,4171.7,158.3,854.3,6607.7,72.5,326,5.7,40.9,19.6,31.2,12.1
PSE069,RAM,Argentina,Salta,Ramadas,40919.4,4253.2,150.1,855.9,6565.9,73.1,326.2,5.4,42.2,19,32.5,7.3
PSE070,RAM,Argentina,Salta,Ramadas,37247.8,4207.3,207.7,890.8,6571.1,79.8,324.8,6.1,42.5,26.5,31.6,7.3
PSE072,CPA,Argentina,Catamarca,Cueros de Purulla,39916.6,10964.1,1015.9,626.9,9387.2,57.8,175,331.6,27.3,163.8,32.4,21.7
PSE073,CPA,Argentina,Catamarca,Cueros de Purulla,32509.7,8597.3,877.9,541.8,8939,54.1,171.6,312.4,26.1,156.4,31.5,19.4
PSE074,CPA,Argentina,Catamarca,Cueros de Purulla,40884.7,12002.6,1040,673.1,10094.4,59.4,183.2,341.3,28.6,161.6,32.6,21
PSE075,CPA,Argentina,Catamarca,Cueros de Purulla,39637.7,10761.5,974.6,573.5,9136.1,50.3,168.4,317.1,25.8,153.3,33.8,19
PSE077,CPA,Argentina,Catamarca,Cueros de Purulla,36117.7,10872,986.8,581.1,9172.3,60.1,164.3,330.3,26.3,157.8,32.9,20.2
PSE078,CPA,Argentina,Catamarca,Cueros de Purulla,30105.3,7552.7,729.5,400.8,7901.3,45.7,159.1,294.4,24.3,147.9,30.3,18.3
PSE079,CPA,Argentina,Catamarca,Cueros de Purulla,33043.9,8783.6,963.2,513.9,8797,49.1,167.5,311.6,26.5,152.4,31.1,19.5
PSE081,CPA,Argentina,Catamarca,Cueros de Purulla,38849.5,10646.4,1005.9,611.2,9270.9,56.8,170.4,325.7,27.8,155.5,32.7,18.8
PSE082,CPA,Argentina,Catamarca,Cueros de Purulla,21910.6,5484.4,560,353.9,7012.9,41.6,144.6,259.5,22.2,134.8,28.8,18
PSE083,CPA,Argentina,Catamarca,Cueros de Purulla,39819.2,11852.2,1076,659.4,9554,56.7,175.7,336.1,27.4,162.7,33.7,21.1
PSE087,CPA,Argentina,Catamarca,Chascon,38532.9,9957,962.8,644.8,7638.4,48.6,175.5,327.2,27,145.2,34.6,22.4
PSE088,CPA,Argentina,Catamarca,Chascon,39074,11548.5,1174.8,657.6,9982.1,51,172.4,353.5,28.5,139.1,34.9,20.1
PSE091,CPA,Argentina,Catamarca,Chascon,39519.8,10558.8,892.7,681.5,8136.8,54.2,179,308.2,28.4,142.2,34.1,19.9
PSE093,CPA,Argentina,Catamarca,Chascon,37341.5,9610.7,946.5,623.6,8168.9,54,166.4,339.2,26,143.2,33.4,19.8
LICA01,SALTARA,Chile,Atacama,Salar de Tara,36998.8,7707,1081,492.4,10180.4,65.6,209.4,147.3,37.6,188.4,24.8,22.4
TARA01,SALTARA,Chile,Atacama,Salar de Tara,33130.2,6066.5,797,427.5,9570,61.5,200.5,138.5,36.3,191.2,20.9,21.8
AAA001,ARCH,Argentina,Salta,Archibarca,35813.2,10676.5,989.5,528.1,8434.3,53.4,111.5,350.2,14.7,116.8,19,14.5
AAA002,ARCH,Argentina,Salta,Archibarca,31723.4,9867.9,850,490.8,8078.4,49.4,108.3,341.3,14.1,113.7,20.3,13.5
AAA003,ARCH,Argentina,Salta,Archibarca,35181.9,10321.4,860.3,542.2,8362.3,52.7,110.5,347.7,15,114.9,20.5,14.1
AAA004,ARCH,Argentina,Salta,Archibarca,36117.4,10597.1,917.1,557.6,8564.8,53.5,112.1,347.5,14.4,118.8,18.3,14
AAA005,ARCH,Argentina,Salta,Archibarca,27913.2,7832.8,661.8,391.8,7202.5,44.7,103.9,322.5,13.8,113.1,21.5,12.5
AAB001,ARCH,Argentina,Salta,Archibarca,35406.1,11516.8,934.3,594,8593.9,53.4,113.5,358.3,15.4,117.4,20.5,15.6
AAB002,ARCH,Argentina,Salta,Archibarca,31560.7,9874.3,843.2,483.4,8099.6,53.9,108.7,338.5,14.6,113.5,19.3,12.6
AAB003,ARCH,Argentina,Salta,Archibarca,36803.1,11408.2,969.1,578.8,8601.4,60.9,110.2,352.1,16.1,116.7,20.1,13
NGS002,LCA,Argentina,Catamarca,Laguna Cavi,17929.3,3164.3,727.7,699,4024.9,46.5,441.4,5.6,69.1,27.1,34.1,19.3
NGS027A,CVA,Argentina,Jujuy,Caldera Vilama,38120.1,5304.5,195.7,452.3,7989.4,66.6,327.6,34.2,50.7,41.8,13.3,12.9
NGS027B,CVA,Argentina,Jujuy,Caldera Vilama,41728.9,6080.2,203,510.5,8375.8,77.7,339.4,37.6,52.3,42.4,14.3,13.3
NGS027C,CVA,Argentina,Jujuy,Caldera Vilama,33111.5,4192.9,285,403.8,7546,70.1,309.5,33.6,47.7,41.5,13.7,10.5
MQ-01,QUIRON,Argentina,Salta,Quiron,36808.8,3228.9,574.6,585.5,5195.6,25.3,657.5,14.9,67.7,14.7,88.5,0
MQ-02,QUIRON,Argentina,Salta,Quiron,36254.4,3083.7,523,562.9,5701.1,30.5,653.5,15.9,64.1,25.2,91.4,0
MQ-03,QUIRON,Argentina,Salta,Quiron,33956.6,3466.7,500.1,606.3,5299.6,26.7,663.5,17,66.6,36.5,90.1,0
MQ-04,QUIRON,Argentina,Salta,Quiron,27544.9,2209.4,442.6,460.8,4866.1,29.2,621.8,14.2,62.2,14.8,85.9,0
MQ-05,QUIRON,Argentina,Salta,Quiron,38581.6,2705.4,534.9,632.9,5649.3,29.7,662.1,16.1,63.9,18,89.9,0
MQ-06,QUIRON,Argentina,Salta,Quiron,39980.5,3579.7,453.6,695.2,5741.9,32.7,668.7,15.6,64.6,18,91,0
MQ-07,QUIRON,Argentina,Salta,Quiron,38036.5,3146.7,627.2,615.1,5351.8,29.6,676.1,15.4,65,19.7,90.1,0
MQ-08,QUIRON,Argentina,Salta,Quiron,29818.6,1970.3,444.8,507.6,4951.7,29,646.8,14.6,63.9,13.6,89,0
MQ-10,QUIRON,Argentina,Salta,Quiron,31162.5,2590.8,356.2,495.6,4765.3,25.7,618,17.5,61.5,17,85.3,0
MQ-15,QUIRON,Argentina,Salta,Quiron,39941.5,3823,584.3,613.5,5489.9,28.3,670.8,16,64.8,18.1,92.9,0
MQ-17,QUIRON,Argentina,Salta,Quiron,38293.6,3706.4,515.9,572.9,5188.5,28.7,638.1,20.2,60.5,15.3,87.2,0
MQ-18,QUIRON,Argentina,Salta,Quiron,38241.2,3161.7,548.1,592.6,5279.6,28.7,661.1,16.1,62.2,15,88.4,0
MQ-19,QUIRON,Argentina,Salta,Quiron,40050.7,2673.1,610.4,607.5,5733,30.6,668.1,16,64.9,16.7,89.4,0
MQ-20,QUIRON,Argentina,Salta,Quiron,38363.8,3465.4,562.6,621.3,6080.7,28.5,670.6,15.5,65.8,17.4,92.4,0
ZAP001,ZAPALERI,Argentina,Jujuy,LBZ,41801.8,8413.8,1235.5,581.5,11081.5,70.1,215.6,150.3,39.7,215.4,23.1,23.3
ZAP002,ZAPALERI,Argentina,Jujuy,LBZ,43481.8,9754.6,1131.3,595.8,12135.8,55.7,217.8,152.4,39.6,194.7,23.1,23.6
ZAP004,ZAPALERI,Argentina,Jujuy,LBZ,40946.4,8775.3,1139.5,587.1,10720.1,62.5,218.2,151.3,41,208,23.6,24
ZAP006,ZAPALERI,Argentina,Jujuy,LBZ,38782.6,7890.8,940.6,531.7,10503,70,213,149.1,39.3,214.9,21.3,21.5
ZAP007,ZAPALERI,Argentina,Jujuy,LBZ,36834.4,7878.4,950.6,553.5,10282.7,70.5,206.6,143.6,38,183.2,23.5,21.7
ZAP008,ZAPALERI,Argentina,Jujuy,LBZ,41616.9,9722.2,1207,601.4,11064.2,73.1,216.7,152.2,39,220.3,21.9,24.8
ZAP009,ZAPALERI,Argentina,Jujuy,LBZ,38254.2,8468.6,1050.9,544.7,10516.2,70.9,209.9,147.4,39.6,197.6,22.5,23
ZZ013,SALTARA,Chile,Atacama,Salar de Tara,40308.5,10668.9,1221.7,515.5,11813.4,71.9,247.1,172.3,39.4,221.6,20.8,22.8
ZZ014,SALTARA,Chile,Atacama,Salar de Tara,40875.8,11687,1289.9,535.6,11832.9,67.8,250.8,176.7,40.1,216.8,22.9,25.4
ZZ015,SALTARA,Chile,Atacama,Salar de Tara,40430.3,10581.9,1264.5,520.3,11781.2,67,250,175.5,39.6,219.7,21.9,25.2
ZZ016,QPC,Chile,Atacama,Quebrada Pelun,34789.7,2888.6,429.5,1351.1,4491.7,43.2,266.7,17.5,31.8,20.7,39.5,8
ZZ017,QPC,Chile,Atacama,Quebrada Pelun,23920.7,2072.2,318.4,877.3,3535.8,35.5,239.2,15.9,27.5,13.6,39.6,4.8
ZZ018,QPC-1,Chile,Atacama,Quebrada Pelun,36726.8,3373.5,480.3,1486.6,4359.7,44.7,273.7,18.4,29.5,17.4,40.7,5.3
ZZ019,QPC,Chile,Atacama,Quebrada Pelun,38296.3,3598.3,447.9,1607.8,4546.2,48.4,275,18.6,30.7,30.4,39.9,7.7
ZZ028,QPC-1,Chile,Atacama,Quebrada Pelun,37837.4,3291.2,555.6,1655,4780,47.9,276.9,18.7,30,18.4,41.7,7.5
ZZ029,SALTARA,Chile,Atacama,Salar de Tara,40378.6,11295.6,1407.3,551.4,12865.6,73.2,249.2,177.5,41.7,242.1,22.9,23.3
ZZ030,SALTARA,Chile,Atacama,Salar de Tara,41898.8,11766.5,1460,582,12514.5,70.3,258.2,181.1,41.1,223.4,23.4,24.6
ZZ031,SALTARA,Chile,Atacama,Salar de Tara,39933.9,10763.2,1351.1,517.8,11961.8,70.8,249.4,175.7,40.1,215.6,21.2,24.1
ZZ032,SALTARA,Chile,Atacama,Salar de Tara,40136.3,10344.4,1318.2,526.8,11599.7,68.7,249.3,176.2,39.6,225.9,22,25.1
ZZ033,QPC,Chile,Atacama,Quebrada Pelun,36952.7,3262.3,407.2,1466.2,4409,45.7,269.7,16.9,30.7,20.2,38.6,5.3
ZZ034,QPC,Chile,Atacama,Quebrada Pelun,37132,2822.7,373.2,1383.3,4346.1,44.9,264.1,16.6,28.7,15.4,39.5,5
ZZ035,QPC,Chile,Atacama,Quebrada Pelun,34022.2,3464.9,380.6,1399.8,4329.1,39.8,266.3,18.1,29.8,19.4,40.8,4
ZZ036,QPC-1,Chile,Atacama,Quebrada Pelun,37158.1,3306.1,453.2,1482.8,4543,46.1,274.8,18.7,30.3,14.4,38.4,5
ZZ037,QPC-1,Chile,Atacama,Quebrada Pelun,37010.6,3191,467.6,1479.1,4373.9,38.4,275.5,17.9,33.4,24.4,40.2,5.2
ZZ038,QPC-1,Chile,Atacama,Quebrada Pelun,36471.4,2622,445.3,1403.6,4270.6,43.5,274.4,17.9,30.6,18.5,40.3,6.9
TOC001,TOCOMAR,Argentina,Salta,Alto Tocomar,39253.9,3518.4,302.4,1065.2,4142.9,57.5,747.7,18.5,69.1,9.2,39.9,0
TOC002,TOCOMAR,Argentina,Salta,Alto Tocomar,30020.2,2337.6,255.2,937.9,3914.8,58.3,725.3,17.7,66.4,6.2,39.7,0
TOC003,TOCOMAR,Argentina,Salta,Alto Tocomar,27667.4,2188.8,196.1,677,3389.4,50.2,661.3,16.5,62,7.1,38,0
TOC004,TOCOMAR,Argentina,Salta,Alto Tocomar,35942.6,3604.8,248.3,957.8,3946.2,51,731,17.4,67.1,8.1,41.2,0
TOC005,TOCOMAR,Argentina,Salta,Alto Tocomar,35448.7,2783.1,332.3,936.2,3919.3,56.5,726.2,15.5,66.7,6.5,40.7,0
TOC006,TOCOMAR,Argentina,Salta,Alto Tocomar,39651.2,3539.4,396.8,1194.6,4933.3,54.9,765,19,69.6,7.4,42.5,0
TOC007,TOCOMAR,Argentina,Salta,Alto Tocomar,35844.9,3115.3,479.9,1007.7,5223.3,53.2,726,18.8,68,7,40.8,0
TOC008,TOCOMAR,Argentina,Salta,Alto Tocomar,28190.2,3246.5,672.5,832.4,8522.5,53,702.4,20.1,65.7,8.3,39.5,0
